ALL,Big,1,2,3,4,5,res,index,new_class_symbol
科教文化服务;学校;小学,科教文化服务,学校,小学,,,,科教文化,0,7
医疗保健服务;专科医院;整形美容,医疗保健服务,专科医院,整形美容,,,,医疗保健,1,0
科教文化服务;学校;成人教育,科教文化服务,学校,成人教育,,,,科教文化,2,7
公司企业;公司企业;公司企业|科教文化服务;科教文化场所;科教文化场所,公司企业,公司企业,公司企业|科教文化服务,科教文化场所,科教文化场所,,公司企业,3,5
科教文化服务;科教文化场所;科教文化场所,科教文化服务,科教文化场所,科教文化场所,,,,科教文化,4,7
商务住宅;住宅区;住宅区|餐饮服务;中餐厅;中餐厅,商务住宅,住宅区,住宅区|餐饮服务,中餐厅,中餐厅,,商务住宅,5,11
商务住宅;楼宇;楼宇相关|科教文化服务;科教文化场所;科教文化场所,商务住宅,楼宇,楼宇相关|科教文化服务,科教文化场所,科教文化场所,,商务住宅,6,11
风景名胜;公园广场;公园广场,风景名胜,公园广场,公园广场,,,,旅游景点,7,12
商务住宅;产业园区;产业园区,商务住宅,产业园区,产业园区,,,,商务住宅,8,11
科教文化服务;科研机构;科研机构|科教文化服务;图书馆;图书馆,科教文化服务,科研机构,科研机构|科教文化服务,图书馆,图书馆,,科教文化,9,7
生活服务;事务所;律师事务所|商务住宅;楼宇;商务写字楼,生活服务,事务所,律师事务所|商务住宅,楼宇,商务写字楼,,生活服务,10,13
商务住宅;住宅区;宿舍,商务住宅,住宅区,宿舍,,,,商务住宅,11,11
风景名胜;风景名胜;寺庙道观,风景名胜,风景名胜,寺庙道观,,,,旅游景点,12,12
科教文化服务;学校;职业技术学校|科教文化服务;培训机构;培训机构,科教文化服务,学校,职业技术学校|科教文化服务,培训机构,培训机构,,科教文化,13,7
风景名胜;公园广场;植物园|风景名胜;风景名胜;省级景点,风景名胜,公园广场,植物园|风景名胜,风景名胜,省级景点,,旅游景点,14,12
商务住宅;住宅区;住宅小区|交通设施服务;停车场;公共停车场,商务住宅,住宅区,住宅小区|交通设施服务,停车场,公共停车场,,商务住宅,15,11
医疗保健服务;专科医院;肿瘤医院,医疗保健服务,专科医院,肿瘤医院,,,,医疗保健,16,0
科教文化服务;学校;小学|科教文化服务;学校;中学,科教文化服务,学校,小学|科教文化服务,学校,中学,,科教文化,17,7
公司企业;公司;医药公司,公司企业,公司,医药公司,,,,公司企业,18,5
科教文化服务;美术馆;美术馆,科教文化服务,美术馆,美术馆,,,,科教文化,19,7
住宿服务;宾馆酒店;宾馆酒店|餐饮服务;中餐厅;中餐厅,住宿服务,宾馆酒店,宾馆酒店|餐饮服务,中餐厅,中餐厅,,酒店住宿,20,2
商务住宅;楼宇;商务写字楼|科教文化服务;培训机构;培训机构,商务住宅,楼宇,商务写字楼|科教文化服务,培训机构,培训机构,,商务住宅,21,11
商务住宅;楼宇;商务写字楼|购物服务;购物相关场所;购物相关场所,商务住宅,楼宇,商务写字楼|购物服务,购物相关场所,购物相关场所,,商务住宅,22,11
政府机构及社会团体;政府机关;省直辖市级政府及事业单位|政府机构及社会团体,政府机构及社会团体,政府机关,省直辖市级政府及事业单位|政府机构及社会团体,,,,政府机构,23,14
体育休闲服务;休闲场所;休闲场所|住宿服务;旅馆招待所;旅馆招待所,体育休闲服务,休闲场所,休闲场所|住宿服务,旅馆招待所,旅馆招待所,,运动健身,24,6
风景名胜;风景名胜相关;旅游景点|体育休闲服务;度假疗养场所;度假村,风景名胜,风景名胜相关,旅游景点|体育休闲服务,度假疗养场所,度假村,,旅游景点,25,12
科教文化服务;博物馆;博物馆,科教文化服务,博物馆,博物馆,,,,科教文化,26,7
购物服务;家居建材市场;建材五金市场,购物服务,家居建材市场,建材五金市场,,,,购物消费,27,3
医疗保健服务;专科医院;妇科医院|医疗保健服务;综合医院;综合医院,医疗保健服务,专科医院,妇科医院|医疗保健服务,综合医院,综合医院,,医疗保健,28,0
科教文化服务;展览馆;展览馆,科教文化服务,展览馆,展览馆,,,,科教文化,29,7
体育休闲服务;度假疗养场所;疗养院|商务住宅;住宅区;住宅小区,体育休闲服务,度假疗养场所,疗养院|商务住宅,住宅区,住宅小区,,运动健身,30,6
商务住宅;楼宇;商务写字楼,商务住宅,楼宇,商务写字楼,,,,商务住宅,31,11
购物服务;综合市场;小商品市场,购物服务,综合市场,小商品市场,,,,购物消费,32,3
政府机构及社会团体;政府机关;区县级政府及事业单位|生活服务;丧葬设施,政府机构及社会团体,政府机关,区县级政府及事业单位|生活服务,丧葬设施,,,政府机构,33,14
购物服务;综合市场;果品市场,购物服务,综合市场,果品市场,,,,购物消费,34,3
购物服务;家居建材市场;家具建材综合市场|购物服务;家居建材市场;家具城,购物服务,家居建材市场,家具建材综合市场|购物服务,家居建材市场,家具城,,购物消费,35,3
风景名胜;公园广场;植物园,风景名胜,公园广场,植物园,,,,旅游景点,36,12
住宿服务;宾馆酒店;五星级宾馆|科教文化服务;培训机构;培训机构,住宿服务,宾馆酒店,五星级宾馆|科教文化服务,培训机构,培训机构,,酒店住宿,37,2
商务住宅;楼宇;商住两用楼宇|交通设施服务;停车场;公共停车场,商务住宅,楼宇,商住两用楼宇|交通设施服务,停车场,公共停车场,,商务住宅,38,11
风景名胜;公园广场;公园,风景名胜,公园广场,公园,,,,旅游景点,39,12
住宿服务;旅馆招待所;青年旅舍,住宿服务,旅馆招待所,青年旅舍,,,,酒店住宿,40,2
政府机构及社会团体;政府机关;区县级政府及事业单位|商务住宅;住宅区;住宅小区,政府机构及社会团体,政府机关,区县级政府及事业单位|商务住宅,住宅区,住宅小区,,政府机构,41,14
科教文化服务;学校;中学,科教文化服务,学校,中学,,,,科教文化,42,7
购物服务;家居建材市场;建材五金市场|购物服务;便民商店/便利店;便民商店,购物服务,家居建材市场,建材五金市场|购物服务,便民商店/便利店,便民商店/,,购物消费,43,3
风景名胜;风景名胜;风景名胜|购物服务;购物相关场所;购物相关场所,风景名胜,风景名胜,风景名胜|购物服务,购物相关场所,购物相关场所,,旅游景点,44,12
购物服务;综合市场;综合市场|政府机构及社会团体;社会团体;社会团体相关,购物服务,综合市场,综合市场|政府机构及社会团体,社会团体,社会团体相关,,购物消费,45,3
公司企业;公司;公司,公司企业,公司,公司,,,,公司企业,46,5
公司企业;公司;公司|科教文化服务;科研机构;科研机构,公司企业,公司,公司|科教文化服务,科研机构,科研机构,,公司企业,47,5
商务住宅;楼宇;商务写字楼|餐饮服务;中餐厅;中餐厅,商务住宅,楼宇,商务写字楼|餐饮服务,中餐厅,中餐厅,,商务住宅,48,11
政府机构及社会团体;政府机关;区县级政府及事业单位,政府机构及社会团体,政府机关,区县级政府及事业单位,,,,政府机构,49,14
科教文化服务;学校;幼儿园|政府机构及社会团体;政府机关;乡镇级政府及事业单位,科教文化服务,学校,幼儿园|政府机构及社会团体,政府机关,乡镇级政府及事业单位,,科教文化,50,7
购物服务;服装鞋帽皮具店;服装鞋帽皮具店|购物服务;综合市场;综合市场,购物服务,服装鞋帽皮具店,服装鞋帽皮具店|购物服务,综合市场,综合市场,,购物消费,51,3
科教文化服务;学校;中学|科教文化服务;培训机构;培训机构,科教文化服务,学校,中学|科教文化服务,培训机构,培训机构,,科教文化,52,7
公司企业;公司;商业贸易,公司企业,公司,商业贸易,,,,公司企业,53,5
公司企业;知名企业;知名企业,公司企业,知名企业,知名企业,,,,公司企业,54,5
商务住宅;产业园区;产业园区|公司企业;公司企业;公司企业,商务住宅,产业园区,产业园区|公司企业,公司企业,公司企业,,商务住宅,55,11
科教文化服务;培训机构;培训机构|科教文化服务;文化宫;文化宫,科教文化服务,培训机构,培训机构|科教文化服务,文化宫,文化宫,,科教文化,56,7
风景名胜;公园广场;动物园,风景名胜,公园广场,动物园,,,,旅游景点,57,12
风景名胜;公园广场;公园|风景名胜;公园广场;城市广场,风景名胜,公园广场,公园|风景名胜,公园广场,城市广场,,旅游景点,58,12
住宿服务;住宿服务相关;住宿服务相关|体育休闲服务;度假疗养场所;度假村,住宿服务,住宿服务相关,住宿服务相关|体育休闲服务,度假疗养场所,度假村,,酒店住宿,59,2
商务住宅;楼宇;工业大厦建筑物,商务住宅,楼宇,工业大厦建筑物,,,,商务住宅,60,11
风景名胜;公园广场;水族馆,风景名胜,公园广场,水族馆,,,,旅游景点,61,12
商务住宅;楼宇;商住两用楼宇|商务住宅;楼宇;商务写字楼,商务住宅,楼宇,商住两用楼宇|商务住宅,楼宇,商务写字楼,,商务住宅,62,11
商务住宅;住宅区;宿舍|商务住宅;住宅区;住宅小区,商务住宅,住宅区,宿舍|商务住宅,住宅区,住宅小区,,商务住宅,63,11
住宿服务;宾馆酒店;宾馆酒店|生活服务;洗浴推拿场所;洗浴推拿场所,住宿服务,宾馆酒店,宾馆酒店|生活服务,洗浴推拿场所,洗浴推拿场所,,酒店住宿,64,2
公司企业;公司;建筑公司,公司企业,公司,建筑公司,,,,公司企业,65,5
体育休闲服务;休闲场所;游乐场|风景名胜;风景名胜相关;旅游景点,体育休闲服务,休闲场所,游乐场|风景名胜,风景名胜相关,旅游景点,,运动健身,66,6
科教文化服务;学校;高等院校|科教文化服务;学校;成人教育,科教文化服务,学校,高等院校|科教文化服务,学校,成人教育,,科教文化,67,7
交通设施服务;长途汽车站;长途汽车站,交通设施服务,长途汽车站,长途汽车站,,,,交通设施,68,1
购物服务;家居建材市场;家具建材综合市场|购物服务;商场;购物中心,购物服务,家居建材市场,家具建材综合市场|购物服务,商场,购物中心,,购物消费,69,3
汽车服务;加油站;加油站|公司企业;公司;公司,汽车服务,加油站,加油站|公司企业,公司,公司,,汽车相关,70,10
购物服务;家居建材市场;灯具瓷器市场,购物服务,家居建材市场,灯具瓷器市场,,,,购物消费,71,3
公司企业;公司企业;公司企业|商务住宅;商务住宅相关;商务住宅相关,公司企业,公司企业,公司企业|商务住宅,商务住宅相关,商务住宅相关,,公司企业,72,5
风景名胜;公园广场;动物园|政府机构及社会团体;政府机关;政府机关相关,风景名胜,公园广场,动物园|政府机构及社会团体,政府机关,政府机关相关,,旅游景点,73,12
公司企业;公司;公司|科教文化服务;学校;学校,公司企业,公司,公司|科教文化服务,学校,学校,,公司企业,74,5
商务住宅;楼宇;商务写字楼|政府机构及社会团体;政府机关;政府机关相关,商务住宅,楼宇,商务写字楼|政府机构及社会团体,政府机关,政府机关相关,,商务住宅,75,11
住宿服务;宾馆酒店;三星级宾馆|住宿服务;宾馆酒店;四星级宾馆,住宿服务,宾馆酒店,三星级宾馆|住宿服务,宾馆酒店,四星级宾馆,,酒店住宿,76,2
住宿服务;宾馆酒店;三星级宾馆|餐饮服务;中餐厅;综合酒楼,住宿服务,宾馆酒店,三星级宾馆|餐饮服务,中餐厅,综合酒楼,,酒店住宿,77,2
住宿服务;旅馆招待所;旅馆招待所|住宿服务;宾馆酒店;宾馆酒店,住宿服务,旅馆招待所,旅馆招待所|住宿服务,宾馆酒店,宾馆酒店,,酒店住宿,78,2
住宿服务;宾馆酒店;四星级宾馆|住宿服务;宾馆酒店;五星级宾馆,住宿服务,宾馆酒店,四星级宾馆|住宿服务,宾馆酒店,五星级宾馆,,酒店住宿,79,2
风景名胜;风景名胜;教堂,风景名胜,风景名胜,教堂,,,,旅游景点,80,12
风景名胜;公园广场;公园广场|体育休闲服务;体育休闲服务场所;体育休闲服务,风景名胜,公园广场,公园广场|体育休闲服务,体育休闲服务场所,体育休闲服务,,旅游景点,81,12
科教文化服务;学校;高等院校|科教文化服务;培训机构;培训机构,科教文化服务,学校,高等院校|科教文化服务,培训机构,培训机构,,科教文化,82,7
交通设施服务;机场相关;机场货运处|生活服务;物流速递;物流速递,交通设施服务,机场相关,机场货运处|生活服务,物流速递,物流速递,,交通设施,83,1
住宿服务;宾馆酒店;五星级宾馆|住宿服务;旅馆招待所;青年旅舍|餐饮服务;餐,住宿服务,宾馆酒店,五星级宾馆|住宿服务,旅馆招待所,青年旅舍|餐饮服务,餐,酒店住宿,84,2
风景名胜;风景名胜;国家级景点,风景名胜,风景名胜,国家级景点,,,,旅游景点,85,12
住宿服务;宾馆酒店;五星级宾馆,住宿服务,宾馆酒店,五星级宾馆,,,,酒店住宿,86,2
体育休闲服务;休闲场所;休闲场所|商务住宅;商务住宅相关;商务住宅相关,体育休闲服务,休闲场所,休闲场所|商务住宅,商务住宅相关,商务住宅相关,,运动健身,87,6
购物服务;综合市场;果品市场|公司企业;公司企业;公司企业,购物服务,综合市场,果品市场|公司企业,公司企业,公司企业,,购物消费,88,3
购物服务;家居建材市场;家居建材市场,购物服务,家居建材市场,家居建材市场,,,,购物消费,89,3
住宿服务;宾馆酒店;四星级宾馆|体育休闲服务;体育休闲服务场所;体育休闲服务,住宿服务,宾馆酒店,四星级宾馆|体育休闲服务,体育休闲服务场所,体育休闲服务,,酒店住宿,90,2
商务住宅;楼宇;楼宇相关,商务住宅,楼宇,楼宇相关,,,,商务住宅,91,11
科教文化服务;学校;职业技术学校,科教文化服务,学校,职业技术学校,,,,科教文化,92,7
商务住宅;产业园区;产业园区|公司企业;公司;公司,商务住宅,产业园区,产业园区|公司企业,公司,公司,,商务住宅,93,11
风景名胜;风景名胜;回教寺,风景名胜,风景名胜,回教寺,,,,旅游景点,94,12
风景名胜;风景名胜;省级景点,风景名胜,风景名胜,省级景点,,,,旅游景点,95,12
商务住宅;楼宇;商务写字楼|公司企业;公司;公司|购物服务;购物相关场所,商务住宅,楼宇,商务写字楼|公司企业,公司,公司|购物服务,购物相关场所,商务住宅,96,11
购物服务;综合市场;农副产品市场,购物服务,综合市场,农副产品市场,,,,购物消费,97,3
科教文化服务;培训机构;培训机构|地名地址信息;地名地址信息;地名地址信息,科教文化服务,培训机构,培训机构|地名地址信息,地名地址信息,地名地址信息,,科教文化,98,7
商务住宅;楼宇;商务写字楼|地名地址信息;交通地名;道路名,商务住宅,楼宇,商务写字楼|地名地址信息,交通地名,道路名,,商务住宅,99,11
科教文化服务;传媒机构;出版社,科教文化服务,传媒机构,出版社,,,,科教文化,100,7
科教文化服务;传媒机构;电视台,科教文化服务,传媒机构,电视台,,,,科教文化,101,7
科教文化服务;传媒机构;电台,科教文化服务,传媒机构,电台,,,,科教文化,102,7
购物服务;综合市场;综合市场|政府机构及社会团体;政府及社会团体相关,购物服务,综合市场,综合市场|政府机构及社会团体,政府及社会团体相关,,,购物消费,103,3
商务住宅;楼宇;商务写字楼|商务住宅;住宅区;住宅小区,商务住宅,楼宇,商务写字楼|商务住宅,住宅区,住宅小区,,商务住宅,104,11
商务住宅;住宅区;住宅小区|生活服务;生活服务场所;生活服务场所,商务住宅,住宅区,住宅小区|生活服务,生活服务场所,生活服务场所,,商务住宅,105,11
住宿服务;宾馆酒店;宾馆酒店,住宿服务,宾馆酒店,宾馆酒店,,,,酒店住宿,106,2
公司企业;公司;广告装饰,公司企业,公司,广告装饰,,,,公司企业,107,5
风景名胜;风景名胜;教堂|商务住宅;商务住宅相关;商务住宅相关,风景名胜,风景名胜,教堂|商务住宅,商务住宅相关,商务住宅相关,,旅游景点,108,12
住宿服务;宾馆酒店;宾馆酒店|体育休闲服务;休闲场所;休闲场所,住宿服务,宾馆酒店,宾馆酒店|体育休闲服务,休闲场所,休闲场所,,酒店住宿,109,2
住宿服务;住宿服务相关;住宿服务相关,住宿服务,住宿服务相关,住宿服务相关,,,,酒店住宿,110,2
商务住宅;产业园区;产业园区|科教文化服务;培训机构;培训机构,商务住宅,产业园区,产业园区|科教文化服务,培训机构,培训机构,,商务住宅,111,11
商务住宅;住宅区;社区中心,商务住宅,住宅区,社区中心,,,,商务住宅,112,11
医疗保健服务;专科医院;胸科医院,医疗保健服务,专科医院,胸科医院,,,,医疗保健,113,0
科教文化服务;科技馆;科技馆,科教文化服务,科技馆,科技馆,,,,科教文化,114,7
风景名胜;公园广场;公园|风景名胜;风景名胜;风景名胜,风景名胜,公园广场,公园|风景名胜,风景名胜,风景名胜,,旅游景点,115,12
医疗保健服务;综合医院;三级甲等医院,医疗保健服务,综合医院,三级甲等医院,,,,医疗保健,116,0
科教文化服务;学校;中学|科教文化服务;文化宫;文化宫,科教文化服务,学校,中学|科教文化服务,文化宫,文化宫,,科教文化,117,7
商务住宅;住宅区;住宅小区|公司企业;公司;公司,商务住宅,住宅区,住宅小区|公司企业,公司,公司,,商务住宅,118,11
地名地址信息;门牌信息;楼栋号|商务住宅;住宅区;住宅小区,地名地址信息,门牌信息,楼栋号|商务住宅,住宅区,住宅小区,,商务住宅,119,11
风景名胜;风景名胜;国家级景点|科教文化服务;传媒机构;电视台,风景名胜,风景名胜,国家级景点|科教文化服务,传媒机构,电视台,,旅游景点,120,12
住宿服务;住宿服务相关;住宿服务相关|商务住宅;楼宇;商务写字楼,住宿服务,住宿服务相关,住宿服务相关|商务住宅,楼宇,商务写字楼,,酒店住宿,121,2
商务住宅;住宅区;住宅小区|公司企业;公司;建筑公司,商务住宅,住宅区,住宅小区|公司企业,公司,建筑公司,,商务住宅,122,11
科教文化服务;传媒机构;传媒机构,科教文化服务,传媒机构,传媒机构,,,,科教文化,123,7
购物服务;综合市场;水产海鲜市场,购物服务,综合市场,水产海鲜市场,,,,购物消费,124,3
购物服务;家居建材市场;厨卫市场,购物服务,家居建材市场,厨卫市场,,,,购物消费,125,3
政府机构及社会团体;政府机关;外地政府办|政府机构及社会团体;政府机关,政府机构及社会团体,政府机关,外地政府办|政府机构及社会团体,政府机关,,,政府机构,126,14
餐饮服务;中餐厅;中餐厅|住宿服务;宾馆酒店;宾馆酒店,餐饮服务,中餐厅,中餐厅|住宿服务,宾馆酒店,宾馆酒店,,餐饮美食,127,4
科教文化服务;传媒机构;杂志社,科教文化服务,传媒机构,杂志社,,,,科教文化,128,7
住宿服务;旅馆招待所;旅馆招待所|商务住宅;商务住宅相关;商务住宅相关,住宿服务,旅馆招待所,旅馆招待所|商务住宅,商务住宅相关,商务住宅相关,,酒店住宿,129,2
购物服务;家居建材市场;家居建材市场|购物服务;综合市场;综合市场,购物服务,家居建材市场,家居建材市场|购物服务,综合市场,综合市场,,购物消费,130,3
商务住宅;住宅区;别墅|住宿服务;宾馆酒店;宾馆酒店,商务住宅,住宅区,别墅|住宿服务,宾馆酒店,宾馆酒店,,商务住宅,131,11
科教文化服务;文化宫;文化宫,科教文化服务,文化宫,文化宫,,,,科教文化,132,7
商务住宅;楼宇;商务写字楼|生活服务;美容美发店;美容美发店|购物服务;购物,商务住宅,楼宇,商务写字楼|生活服务,美容美发店,美容美发店|购物服务,购物,商务住宅,133,11
生活服务;邮局;邮局|公司企业;公司;公司,生活服务,邮局,邮局|公司企业,公司,公司,,生活服务,134,13
科教文化服务;文化宫;文化宫|科教文化服务;培训机构;培训机构,科教文化服务,文化宫,文化宫|科教文化服务,培训机构,培训机构,,科教文化,135,7
体育休闲服务;运动场馆;运动场所|风景名胜;风景名胜相关;旅游景点,体育休闲服务,运动场馆,运动场所|风景名胜,风景名胜相关,旅游景点,,运动健身,136,6
公司企业;公司;公司|餐饮服务;中餐厅;中餐厅,公司企业,公司,公司|餐饮服务,中餐厅,中餐厅,,公司企业,137,5
公司企业;公司企业;公司企业,公司企业,公司企业,公司企业,,,,公司企业,138,5
医疗保健服务;专科医院;专科医院|医疗保健服务;综合医院;综合医院,医疗保健服务,专科医院,专科医院|医疗保健服务,综合医院,综合医院,,医疗保健,139,0
商务住宅;住宅区;住宅小区|商务住宅;住宅区;别墅,商务住宅,住宅区,住宅小区|商务住宅,住宅区,别墅,,商务住宅,140,11
风景名胜;风景名胜;教堂|风景名胜;风景名胜;纪念馆,风景名胜,风景名胜,教堂|风景名胜,风景名胜,纪念馆,,旅游景点,141,12
政府机构及社会团体;政府机关;地市级政府及事业单位|政府机构及社会团体,政府机构及社会团体,政府机关,地市级政府及事业单位|政府机构及社会团体,,,,政府机构,142,14
商务住宅;商务住宅相关;商务住宅相关|科教文化服务;科教文化场所;科教文化,商务住宅,商务住宅相关,商务住宅相关|科教文化服务,科教文化场所,科教文化,,商务住宅,143,11
政府机构及社会团体;政府机关;乡镇以下级政府及事业单位,政府机构及社会团体,政府机关,乡镇以下级政府及事业单位,,,,政府机构,144,14
生活服务;自来水营业厅;自来水营业厅|公司企业;公司;公司,生活服务,自来水营业厅,自来水营业厅|公司企业,公司,公司,,生活服务,145,13
体育休闲服务;运动场馆;滑雪场|风景名胜;风景名胜相关;旅游景点,体育休闲服务,运动场馆,滑雪场|风景名胜,风景名胜相关,旅游景点,,运动健身,146,6
商务住宅;住宅区;住宅小区,商务住宅,住宅区,住宅小区,,,,商务住宅,147,11
医疗保健服务;专科医院;专科医院|医疗保健服务;诊所;诊所,医疗保健服务,专科医院,专科医院|医疗保健服务,诊所,诊所,,医疗保健,148,0
公司企业;公司;建筑公司|政府机构及社会团体;政府机关;省直辖市级政府及事业单位,公司企业,公司,建筑公司|政府机构及社会团体,政府机关,省直辖市级政府及事业单位,,公司企业,149,5
公司企业;公司;公司|商务住宅;产业园区;产业园区,公司企业,公司,公司|商务住宅,产业园区,产业园区,,公司企业,150,5
商务住宅;楼宇;商务写字楼|交通设施服务;停车场;公共停车场,商务住宅,楼宇,商务写字楼|交通设施服务,停车场,公共停车场,,商务住宅,151,11
购物服务;综合市场;蔬菜市场,购物服务,综合市场,蔬菜市场,,,,购物消费,152,3
体育休闲服务;运动场馆;马术俱乐部|风景名胜;风景名胜相关;旅游景点,体育休闲服务,运动场馆,马术俱乐部|风景名胜,风景名胜相关,旅游景点,,运动健身,153,6
科教文化服务;学校;学校,科教文化服务,学校,学校,,,,科教文化,154,7
住宿服务;宾馆酒店;宾馆酒店|住宿服务;旅馆招待所;旅馆招待所,住宿服务,宾馆酒店,宾馆酒店|住宿服务,旅馆招待所,旅馆招待所,,酒店住宿,155,2
科教文化服务;学校;幼儿园,科教文化服务,学校,幼儿园,,,,科教文化,156,7
住宿服务;宾馆酒店;宾馆酒店|商务住宅;楼宇;商务写字楼,住宿服务,宾馆酒店,宾馆酒店|商务住宅,楼宇,商务写字楼,,酒店住宿,157,2
商务住宅;住宅区;住宅小区|商务住宅;住宅区;社区中心|地名地址信息,商务住宅,住宅区,住宅小区|商务住宅,住宅区,社区中心|地名地址信息,普通地,商务住宅,158,11
科教文化服务;科研机构;科研机构|医疗保健服务;医疗保健服务场所;医疗保健服务,科教文化服务,科研机构,科研机构|医疗保健服务,医疗保健服务场所,医疗保健服务,,科教文化,159,7
住宿服务;宾馆酒店;宾馆酒店|餐饮服务;餐饮相关场所;餐饮相关,住宿服务,宾馆酒店,宾馆酒店|餐饮服务,餐饮相关场所,餐饮相关,,酒店住宿,160,2
公司企业;公司;公司|购物服务;购物相关场所;购物相关场所,公司企业,公司,公司|购物服务,购物相关场所,购物相关场所,,公司企业,161,5
科教文化服务;科研机构;科研机构|公司企业;公司;公司,科教文化服务,科研机构,科研机构|公司企业,公司,公司,,科教文化,162,7
科教文化服务;培训机构;培训机构,科教文化服务,培训机构,培训机构,,,,科教文化,163,7
住宿服务;宾馆酒店;三星级宾馆,住宿服务,宾馆酒店,三星级宾馆,,,,酒店住宿,164,2
公司企业;公司;网络科技|生活服务;人才市场;人才市场,公司企业,公司,网络科技|生活服务,人才市场,人才市场,,公司企业,165,5
科教文化服务;科研机构;科研机构|商务住宅;产业园区;产业园区,科教文化服务,科研机构,科研机构|商务住宅,产业园区,产业园区,,科教文化,166,7
住宿服务;宾馆酒店;四星级宾馆,住宿服务,宾馆酒店,四星级宾馆,,,,酒店住宿,167,2
科教文化服务;文艺团体;文艺团体,科教文化服务,文艺团体,文艺团体,,,,科教文化,168,7
科教文化服务;科研机构;科研机构|公司企业;公司企业;公司企业,科教文化服务,科研机构,科研机构|公司企业,公司企业,公司企业,,科教文化,169,7
医疗保健服务;专科医院;整形美容|医疗保健服务;诊所;诊所,医疗保健服务,专科医院,整形美容|医疗保健服务,诊所,诊所,,医疗保健,170,0
住宿服务;旅馆招待所;旅馆招待所,住宿服务,旅馆招待所,旅馆招待所,,,,酒店住宿,171,2
政府机构及社会团体;政府机关;省直辖市级政府及事业单位|科教文化服务,政府机构及社会团体,政府机关,省直辖市级政府及事业单位|科教文化服务,科,,,政府机构,172,14
政府机构及社会团体;公检法机构;公安警察|商务住宅;楼宇;商务写字楼,政府机构及社会团体,公检法机构,公安警察|商务住宅,楼宇,商务写字楼,,政府机构,173,14
政府机构及社会团体;政府机关;地市级政府及事业单位,政府机构及社会团体,政府机关,地市级政府及事业单位,,,,政府机构,174,14
科教文化服务;博物馆;博物馆|风景名胜;风景名胜相关;旅游景点,科教文化服务,博物馆,博物馆|风景名胜,风景名胜相关,旅游景点,,科教文化,175,7
政府机构及社会团体;政府机关;政府机关相关,政府机构及社会团体,政府机关,政府机关相关,,,,政府机构,176,14
购物服务;综合市场;农副产品市场|购物服务;综合市场;蔬菜市场,购物服务,综合市场,农副产品市场|购物服务,综合市场,蔬菜市场,,购物消费,177,3
公司企业;公司;冶金化工,公司企业,公司,冶金化工,,,,公司企业,178,5
购物服务;商场;购物中心|购物服务;便民商店/便利店;便民商店/便利店|购物相关场所,购物服务,商场,购物中心|购物服务,便民商店/便利店,便民商店/便利店|购物相关场所,,购物消费,179,3
商务住宅;住宅区;别墅|住宿服务;旅馆招待所;旅馆招待所|体育休闲服务;休闲,商务住宅,住宅区,别墅|住宿服务,旅馆招待所,旅馆招待所|体育休闲服务,休闲,商务住宅,180,11
政府机构及社会团体;政府机关;省直辖市级政府及事业单位|风景名胜;风景名胜,政府机构及社会团体,政府机关,省直辖市级政府及事业单位|风景名胜,风景名,,,政府机构,181,14
科教文化服务;培训机构;培训机构|科教文化服务;美术馆;美术馆,科教文化服务,培训机构,培训机构|科教文化服务,美术馆,美术馆,,科教文化,182,7
购物服务;综合市场;综合市场,购物服务,综合市场,综合市场,,,,购物消费,183,3
商务住宅;楼宇;商务写字楼|商务住宅;产业园区;产业园区,商务住宅,楼宇,商务写字楼|商务住宅,产业园区,产业园区,,商务住宅,184,11
政府机构及社会团体;政府机关;省直辖市级政府及事业单位|公司企业;公司企,政府机构及社会团体,政府机关,省直辖市级政府及事业单位|公司企业,公司企,,,政府机构,185,14
政府机构及社会团体;政府机关;省直辖市级政府及事业单位|公司企业;公司企业,政府机构及社会团体,政府机关,省直辖市级政府及事业单位|公司企业,公司企,,,政府机构,186,14
商务住宅;住宅区;住宅区|生活服务;生活服务场所;生活服务场所,商务住宅,住宅区,住宅区|生活服务,生活服务场所,生活服务场所,,商务住宅,187,11
住宿服务;宾馆酒店;宾馆酒店|体育休闲服务;休闲场所;休闲场所|住宿服务,住宿服务,宾馆酒店,宾馆酒店|体育休闲服务,休闲场所,休闲场所|住宿服务,旅,酒店住宿,188,2
科教文化服务;学校;成人教育|科教文化服务;学校;职业技术学校,科教文化服务,学校,成人教育|科教文化服务,学校,职业技术学校,,科教文化,189,7
汽车维修;汽车综合维修;汽车综合维修|公司企业;公司;公司,汽车维修,汽车综合维修,汽车综合维修|公司企业,公司,公司,,汽车相关,190,10
医疗保健服务;专科医院;口腔医院|医疗保健服务;综合医院;综合医院|医疗保健服务,医疗保健服务,专科医院,口腔医院|医疗保健服务,综合医院,综合医院|医疗保健服务,,医疗保健,191,0
公司企业;公司;公司|公司企业;工厂;工厂,公司企业,公司,公司|公司企业,工厂,工厂,,公司企业,192,5
商务住宅;楼宇;商务写字楼|购物服务;特色商业街;特色商业街,商务住宅,楼宇,商务写字楼|购物服务,特色商业街,特色商业街,,商务住宅,193,11
商务住宅;住宅区;别墅|商务住宅;楼宇;商务写字楼,商务住宅,住宅区,别墅|商务住宅,楼宇,商务写字楼,,商务住宅,194,11
商务住宅;住宅区;别墅|商务住宅;住宅区;住宅小区,商务住宅,住宅区,别墅|商务住宅,住宅区,住宅小区,,商务住宅,195,11
政府机构及社会团体;政府机关;区县级政府及事业单位|科教文化服务;培训机构,政府机构及社会团体,政府机关,区县级政府及事业单位|科教文化服务,培训机,,,政府机构,196,14
科教文化服务;学校;幼儿园|购物服务;购物相关场所;购物相关场所,科教文化服务,学校,幼儿园|购物服务,购物相关场所,购物相关场所,,科教文化,197,7
科教文化服务;学校;中学|科教文化服务;学校;小学,科教文化服务,学校,中学|科教文化服务,学校,小学,,科教文化,198,7
商务住宅;住宅区;住宅小区|地名地址信息;门牌信息;楼栋号,商务住宅,住宅区,住宅小区|地名地址信息,门牌信息,楼栋号,,商务住宅,199,11
风景名胜;风景名胜;世界遗产|科教文化服务;博物馆;博物馆,风景名胜,风景名胜,世界遗产|科教文化服务,博物馆,博物馆,,旅游景点,200,12
政府机构及社会团体;政府机关;地市级政府及事业单位|科教文化服务;文化宫,政府机构及社会团体,政府机关,地市级政府及事业单位|科教文化服务,文化宫,,,政府机构,201,14
住宿服务;宾馆酒店;宾馆酒店|餐饮服务;中餐厅;综合酒楼,住宿服务,宾馆酒店,宾馆酒店|餐饮服务,中餐厅,综合酒楼,,酒店住宿,202,2
政府机构及社会团体;政府机关;区县级政府及事业单位|政府机构及社会团体,政府机构及社会团体,政府机关,区县级政府及事业单位|政府机构及社会团体,,,,政府机构,203,14
商务住宅;住宅区;住宅小区|地名地址信息;普通地名;村庄级地名,商务住宅,住宅区,住宅小区|地名地址信息,普通地名,村庄级地名,,商务住宅,204,11
医疗保健服务;专科医院;妇科医院|医疗保健服务;综合医院;综合医院|医疗保健服务,医疗保健服务,专科医院,妇科医院|医疗保健服务,综合医院,综合医院|医疗保健服务,,医疗保健,205,0
生活服务;物流速递;物流速递|公司企业;公司;公司,生活服务,物流速递,物流速递|公司企业,公司,公司,,生活服务,206,13
购物服务;家居建材市场;建材五金市场|商务住宅;楼宇;商务写字楼,购物服务,家居建材市场,建材五金市场|商务住宅,楼宇,商务写字楼,,购物消费,207,3
交通设施服务;火车站;货运火车站,交通设施服务,火车站,货运火车站,,,,交通设施,208,1
科教文化服务;图书馆;图书馆,科教文化服务,图书馆,图书馆,,,,科教文化,209,7
住宿服务;宾馆酒店;宾馆酒店|生活服务;生活服务场所;生活服务场所,住宿服务,宾馆酒店,宾馆酒店|生活服务,生活服务场所,生活服务场所,,酒店住宿,210,2
地名地址信息;交通地名;道路名|风景名胜;风景名胜相关;旅游景点,地名地址信息,交通地名,道路名|风景名胜,风景名胜相关,旅游景点,,旅游景点,211,12
公司企业;公司;公司|生活服务;自来水营业厅;自来水营业厅,公司企业,公司,公司|生活服务,自来水营业厅,自来水营业厅,,公司企业,212,5
公司企业;工厂;工厂|汽车维修;汽车维修;汽车维修,公司企业,工厂,工厂|汽车维修,汽车维修,汽车维修,,公司企业,213,5
医疗保健服务;专科医院;专科医院,医疗保健服务,专科医院,专科医院,,,,医疗保健,214,0
商务住宅;住宅区;住宅小区|商务住宅;住宅区;社区中心,商务住宅,住宅区,住宅小区|商务住宅,住宅区,社区中心,,商务住宅,215,11
商务住宅;住宅区;住宅小区|地名地址信息;热点地名;热点地名,商务住宅,住宅区,住宅小区|地名地址信息,热点地名,热点地名,,商务住宅,216,11
购物服务;花鸟鱼虫市场;花鸟鱼虫市场,购物服务,花鸟鱼虫市场,花鸟鱼虫市场,,,,购物消费,217,3
风景名胜;公园广场;公园|风景名胜;风景名胜;寺庙道观,风景名胜,公园广场,公园|风景名胜,风景名胜,寺庙道观,,旅游景点,218,12
生活服务;事务所;专利事务所|政府机构及社会团体;政府机关;省直辖市级政府及事业单位,生活服务,事务所,专利事务所|政府机构及社会团体,政府机关,省直辖市级政府及事业单位,,生活服务,219,13
风景名胜;公园广场;公园|购物服务;购物相关场所;购物相关场所,风景名胜,公园广场,公园|购物服务,购物相关场所,购物相关场所,,旅游景点,220,12
风景名胜;风景名胜;风景名胜|商务住宅;产业园区;产业园区,风景名胜,风景名胜,风景名胜|商务住宅,产业园区,产业园区,,旅游景点,221,12
医疗保健服务;综合医院;综合医院|医疗保健服务;专科医院;专科医院,医疗保健服务,综合医院,综合医院|医疗保健服务,专科医院,专科医院,,医疗保健,222,0
科教文化服务;学校;高等院校|科教文化服务;学校;职业技术学校,科教文化服务,学校,高等院校|科教文化服务,学校,职业技术学校,,科教文化,223,7
医疗保健服务;专科医院;精神病医院,医疗保健服务,专科医院,精神病医院,,,,医疗保健,224,0
住宿服务;宾馆酒店;经济型连锁酒店,住宿服务,宾馆酒店,经济型连锁酒店,,,,酒店住宿,225,2
购物服务;家居建材市场;家具城,购物服务,家居建材市场,家具城,,,,购物消费,226,3
医疗保健服务;专科医院;眼科医院,医疗保健服务,专科医院,眼科医院,,,,医疗保健,227,0
住宿服务;宾馆酒店;四星级宾馆|住宿服务;宾馆酒店;经济型连锁酒店,住宿服务,宾馆酒店,四星级宾馆|住宿服务,宾馆酒店,经济型连锁酒店,,酒店住宿,228,2
住宿服务;旅馆招待所;旅馆招待所|商务住宅;住宅区;住宅区,住宿服务,旅馆招待所,旅馆招待所|商务住宅,住宅区,住宅区,,酒店住宿,229,2
政府机构及社会团体;政府机关;乡镇级政府及事业单位,政府机构及社会团体,政府机关,乡镇级政府及事业单位,,,,政府机构,230,14
购物服务;购物相关场所;购物相关场所|公司企业;公司企业;公司企业,购物服务,购物相关场所,购物相关场所|公司企业,公司企业,公司企业,,购物消费,231,3
商务住宅;楼宇;商务写字楼|科教文化服务;学校;小学,商务住宅,楼宇,商务写字楼|科教文化服务,学校,小学,,商务住宅,232,11
科教文化服务;学校;高等院校|生活服务;生活服务场所;生活服务场所,科教文化服务,学校,高等院校|生活服务,生活服务场所,生活服务场所,,科教文化,233,7
风景名胜;风景名胜相关;旅游景点,风景名胜,风景名胜相关,旅游景点,,,,旅游景点,234,12
商务住宅;住宅区;住宅小区|商务住宅;住宅区;宿舍,商务住宅,住宅区,住宅小区|商务住宅,住宅区,宿舍,,商务住宅,235,11
科教文化服务;会展中心;会展中心,科教文化服务,会展中心,会展中心,,,,科教文化,236,7
购物服务;家居建材市场;家居建材市场|公司企业;公司企业;公司企业,购物服务,家居建材市场,家居建材市场|公司企业,公司企业,公司企业,,购物消费,237,3
公司企业;工厂;工厂,公司企业,工厂,工厂,,,,公司企业,238,5
政府机构及社会团体;政府机关;乡镇以下级政府及事业单位|政府机构及社会团体,政府机构及社会团体,政府机关,乡镇以下级政府及事业单位|政府机构及社会团体,,,,政府机构,239,14
购物服务;家居建材市场;家具建材综合市场,购物服务,家居建材市场,家具建材综合市场,,,,购物消费,240,3
医疗保健服务;专科医院;耳鼻喉医院,医疗保健服务,专科医院,耳鼻喉医院,,,,医疗保健,241,0
公司企业;农林牧渔基地;花卉苗圃基地,公司企业,农林牧渔基地,花卉苗圃基地,,,,公司企业,242,5
商务住宅;住宅区;住宅小区|餐饮服务;中餐厅;中餐厅,商务住宅,住宅区,住宅小区|餐饮服务,中餐厅,中餐厅,,商务住宅,243,11
交通设施服务;港口码头;人渡口,交通设施服务,港口码头,人渡口,,,,交通设施,244,1
生活服务;物流速递;物流速递|公司企业;公司企业;公司企业,生活服务,物流速递,物流速递|公司企业,公司企业,公司企业,,生活服务,245,13
科教文化服务;档案馆;档案馆,科教文化服务,档案馆,档案馆,,,,科教文化,246,7
体育休闲服务;体育休闲服务场所;体育休闲服务场所|住宿服务;宾馆酒店;宾馆酒店,体育休闲服务,体育休闲服务场所,体育休闲服务场所|住宿服务,宾馆酒店,宾馆酒店,,运动健身,247,6
医疗保健服务;专科医院;口腔医院,医疗保健服务,专科医院,口腔医院,,,,医疗保健,248,0
科教文化服务;天文馆;天文馆,科教文化服务,天文馆,天文馆,,,,科教文化,249,7
医疗保健服务;专科医院;整形美容|医疗保健服务;综合医院;综合医院,医疗保健服务,专科医院,整形美容|医疗保健服务,综合医院,综合医院,,医疗保健,250,0
风景名胜;风景名胜;风景名胜,风景名胜,风景名胜,风景名胜,,,,旅游景点,251,12
科教文化服务;学校;小学|科教文化服务;培训机构;培训机构,科教文化服务,学校,小学|科教文化服务,培训机构,培训机构,,科教文化,252,7
商务住宅;楼宇;商务写字楼|生活服务;中介机构;中介机构,商务住宅,楼宇,商务写字楼|生活服务,中介机构,中介机构,,商务住宅,253,11
商务住宅;楼宇;商务写字楼|购物服务;家电电子卖场;手机销售,商务住宅,楼宇,商务写字楼|购物服务,家电电子卖场,手机销售,,商务住宅,254,11
住宿服务;宾馆酒店;四星级宾馆|商务住宅;住宅区;住宅小区,住宿服务,宾馆酒店,四星级宾馆|商务住宅,住宅区,住宅小区,,酒店住宿,255,2
商务住宅;住宅区;住宅区,商务住宅,住宅区,住宅区,,,,商务住宅,256,11
医疗保健服务;综合医院;卫生院,医疗保健服务,综合医院,卫生院,,,,医疗保健,257,0
科教文化服务;学校;中学|科教文化服务;学校;幼儿园,科教文化服务,学校,中学|科教文化服务,学校,幼儿园,,科教文化,258,7
科教文化服务;驾校;驾校,科教文化服务,驾校,驾校,,,,科教文化,259,7
商务住宅;楼宇;商务写字楼|购物服务;专卖店;珠宝首饰工艺品,商务住宅,楼宇,商务写字楼|购物服务,专卖店,珠宝首饰工艺品,,商务住宅,260,11
科教文化服务;传媒机构;出版社|科教文化服务;传媒机构;杂志社,科教文化服务,传媒机构,出版社|科教文化服务,传媒机构,杂志社,,科教文化,261,7
风景名胜;公园广场;城市广场,风景名胜,公园广场,城市广场,,,,旅游景点,262,12
商务住宅;住宅区;社区中心|商务住宅;住宅区;住宅小区,商务住宅,住宅区,社区中心|商务住宅,住宅区,住宅小区,,商务住宅,263,11
商务住宅;住宅区;住宅小区|商务住宅;楼宇;商务写字楼,商务住宅,住宅区,住宅小区|商务住宅,楼宇,商务写字楼,,商务住宅,264,11
公司企业;知名企业;知名企业|科教文化服务;科研机构;科研机构,公司企业,知名企业,知名企业|科教文化服务,科研机构,科研机构,,公司企业,265,5
购物服务;商场;普通商场|商务住宅;商务住宅相关;商务住宅相关,购物服务,商场,普通商场|商务住宅,商务住宅相关,商务住宅相关,,购物消费,266,3
科教文化服务;会展中心;会展中心|公司企业;公司;公司,科教文化服务,会展中心,会展中心|公司企业,公司,公司,,科教文化,267,7
科教文化服务;学校;幼儿园|商务住宅;商务住宅相关;商务住宅相关,科教文化服务,学校,幼儿园|商务住宅,商务住宅相关,商务住宅相关,,科教文化,268,7
科教文化服务;学校;幼儿园|科教文化服务;培训机构;培训机构,科教文化服务,学校,幼儿园|科教文化服务,培训机构,培训机构,,科教文化,269,7
交通设施服务;火车站;火车站,交通设施服务,火车站,火车站,,,,交通设施,270,1
商务住宅;商务住宅相关;商务住宅相关,商务住宅,商务住宅相关,商务住宅相关,,,,商务住宅,271,11
科教文化服务;学校;职业技术学校|科教文化服务;学校;高等院校,科教文化服务,学校,职业技术学校|科教文化服务,学校,高等院校,,科教文化,272,7
风景名胜;风景名胜;世界遗产,风景名胜,风景名胜,世界遗产,,,,旅游景点,273,12
购物服务;专卖店;珠宝首饰工艺品|科教文化服务;博物馆;博物馆,购物服务,专卖店,珠宝首饰工艺品|科教文化服务,博物馆,博物馆,,购物消费,274,3
政府机构及社会团体;政府机关;外地政府办,政府机构及社会团体,政府机关,外地政府办,,,,政府机构,275,14
公司企业;公司;公司|生活服务;生活服务场所;生活服务场所,公司企业,公司,公司|生活服务,生活服务场所,生活服务场所,,公司企业,276,5
购物服务;综合市场;旧货市场,购物服务,综合市场,旧货市场,,,,购物消费,277,3
地名地址信息;交通地名;道路名|商务住宅;住宅区;住宅小区,地名地址信息,交通地名,道路名|商务住宅,住宅区,住宅小区,,商务住宅,278,11
住宿服务;住宿服务相关;住宿服务相关|商务住宅;商务住宅相关;商务住宅相关,住宿服务,住宿服务相关,住宿服务相关|商务住宅,商务住宅相关,商务住宅相关,,酒店住宿,279,2
体育休闲服务;运动场馆;滑雪场|风景名胜;风景名胜;国家级景点,体育休闲服务,运动场馆,滑雪场|风景名胜,风景名胜,国家级景点,,运动健身,280,6
科教文化服务;科研机构;科研机构,科教文化服务,科研机构,科研机构,,,,科教文化,281,7
政府机构及社会团体;交通车辆管理;交通管理机构|政府机构及社会团体;政府,政府机构及社会团体,交通车辆管理,交通管理机构|政府机构及社会团体,政府,,,政府机构,282,14
体育休闲服务;高尔夫相关;高尔夫球场|风景名胜;风景名胜相关;旅游景点,体育休闲服务,高尔夫相关,高尔夫球场|风景名胜,风景名胜相关,旅游景点,,运动健身,283,6
商务住宅;住宅区;住宅小区|商务住宅;产业园区;产业园区,商务住宅,住宅区,住宅小区|商务住宅,产业园区,产业园区,,商务住宅,284,11
交通设施服务;机场相关;飞机场,交通设施服务,机场相关,飞机场,,,,交通设施,285,1
风景名胜;公园广场;城市广场|体育休闲服务;运动场馆;足球场,风景名胜,公园广场,城市广场|体育休闲服务,运动场馆,足球场,,旅游景点,286,12
商务住宅;住宅区;别墅,商务住宅,住宅区,别墅,,,,商务住宅,287,11
医疗保健服务;专科医院;传染病医院,医疗保健服务,专科医院,传染病医院,,,,医疗保健,288,0
购物服务;花鸟鱼虫市场;花卉市场,购物服务,花鸟鱼虫市场,花卉市场,,,,购物消费,289,3
商务住宅;楼宇;商住两用楼宇,商务住宅,楼宇,商住两用楼宇,,,,商务住宅,290,11
公司企业;公司企业;公司企业|购物服务;购物相关场所;购物相关场所,公司企业,公司企业,公司企业|购物服务,购物相关场所,购物相关场所,,公司企业,291,5
生活服务;事务所;评估事务所|政府机构及社会团体;政府机关;国家级机关及事业单位,生活服务,事务所,评估事务所|政府机构及社会团体,政府机关,国家级机关及事业单位,,生活服务,292,13
住宿服务;旅馆招待所;旅馆招待所|餐饮服务;中餐厅;中餐厅|住宿服务;宾馆酒,住宿服务,旅馆招待所,旅馆招待所|餐饮服务,中餐厅,中餐厅|住宿服务,宾馆酒,酒店住宿,293,2
公司企业;公司;建筑公司|公司企业;公司;冶金化工,公司企业,公司,建筑公司|公司企业,公司,冶金化工,,公司企业,294,5
商务住宅;住宅区;住宅小区|住宿服务;住宿服务相关;住宿服务相关,商务住宅,住宅区,住宅小区|住宿服务,住宿服务相关,住宿服务相关,,商务住宅,295,11
公司企业;公司;医药公司|公司企业;工厂;工厂,公司企业,公司,医药公司|公司企业,工厂,工厂,,公司企业,296,5
医疗保健服务;综合医院;综合医院,医疗保健服务,综合医院,综合医院,,,,医疗保健,297,0
购物服务;家居建材市场;家具城|公司企业;公司;公司,购物服务,家居建材市场,家具城|公司企业,公司,公司,,购物消费,298,3
住宿服务;宾馆酒店;四星级宾馆|商务住宅;楼宇;商务写字楼,住宿服务,宾馆酒店,四星级宾馆|商务住宅,楼宇,商务写字楼,,酒店住宿,299,2
风景名胜;风景名胜;纪念馆,风景名胜,风景名胜,纪念馆,,,,旅游景点,300,12
政府机构及社会团体;政府机关;省直辖市级政府及事业单位,政府机构及社会团体,政府机关,省直辖市级政府及事业单位,,,,政府机构,301,14
政府机构及社会团体;政府机关;国家级机关及事业单位,政府机构及社会团体,政府机关,国家级机关及事业单位,,,,政府机构,302,14
政府机构及社会团体;政府机关;乡镇级政府及事业单位|政府机构及社会团体,政府机构及社会团体,政府机关,乡镇级政府及事业单位|政府机构及社会团体,,,,政府机构,303,14
购物服务;家居建材市场;家具城|公司企业;公司;广告装饰,购物服务,家居建材市场,家具城|公司企业,公司,广告装饰,,购物消费,304,3
科教文化服务;学校;幼儿园|生活服务;生活服务场所;生活服务场所,科教文化服务,学校,幼儿园|生活服务,生活服务场所,生活服务场所,,科教文化,305,7
科教文化服务;传媒机构;报社,科教文化服务,传媒机构,报社,,,,科教文化,306,7
公司企业;农林牧渔基地;其它农林牧渔基地,公司企业,农林牧渔基地,其它农林牧渔基地,,,,公司企业,307,5
公司企业;公司;机械电子,公司企业,公司,机械电子,,,,公司企业,308,5
公司企业;公司;网络科技,公司企业,公司,网络科技,,,,公司企业,309,5
商务住宅;楼宇;商务写字楼|商务住宅;楼宇;商住两用楼宇,商务住宅,楼宇,商务写字楼|商务住宅,楼宇,商住两用楼宇,,商务住宅,310,11
商务住宅;住宅区;住宅小区|住宿服务;宾馆酒店;宾馆酒店,商务住宅,住宅区,住宅小区|住宿服务,宾馆酒店,宾馆酒店,,商务住宅,311,11
医疗保健服务;专科医院;骨科医院|医疗保健服务;综合医院;综合医院,医疗保健服务,专科医院,骨科医院|医疗保健服务,综合医院,综合医院,,医疗保健,312,0
购物服务;家居建材市场;家具建材综合市场|购物服务;家居建材市场;建材五金,购物服务,家居建材市场,家具建材综合市场|购物服务,家居建材市场,建材五金,,购物消费,313,3
公司企业;公司;公司|汽车销售;梅赛德斯-奔驰特约销售;梅赛德斯-奔驰销售,公司企业,公司,公司|汽车销售,梅赛德斯-奔驰特约销售,梅赛德斯-奔驰销售,,公司企业,314,5
购物服务;家居建材市场;建材五金市场|公司企业;公司;公司,购物服务,家居建材市场,建材五金市场|公司企业,公司,公司,,购物消费,315,3
公司企业;公司;公司|政府机构及社会团体;社会团体;社会团体相关,公司企业,公司,公司|政府机构及社会团体,社会团体,社会团体相关,,公司企业,316,5
医疗保健服务;专科医院;妇科医院,医疗保健服务,专科医院,妇科医院,,,,医疗保健,317,0
科教文化服务;学校;中学|科教文化服务;学校;职业技术学校|科教文化服务,科教文化服务,学校,中学|科教文化服务,学校,职业技术学校|科教文化服务,学,科教文化,318,7
医疗保健服务;专科医院;骨科医院,医疗保健服务,专科医院,骨科医院,,,,医疗保健,319,0
科教文化服务;学校;小学|科教文化服务;学校;幼儿园,科教文化服务,学校,小学|科教文化服务,学校,幼儿园,,科教文化,320,7
商务住宅;住宅区;住宅小区|住宿服务;旅馆招待所;旅馆招待所,商务住宅,住宅区,住宅小区|住宿服务,旅馆招待所,旅馆招待所,,商务住宅,321,11
体育休闲服务;运动场馆;运动场所|公司企业;公司;公司,体育休闲服务,运动场馆,运动场所|公司企业,公司,公司,,运动健身,322,6
住宿服务;宾馆酒店;四星级宾馆|科教文化服务;会展中心;会展中心,住宿服务,宾馆酒店,四星级宾馆|科教文化服务,会展中心,会展中心,,酒店住宿,323,2
医疗保健服务;专科医院;脑科医院,医疗保健服务,专科医院,脑科医院,,,,医疗保健,324,0
商务住宅;楼宇;商务写字楼|公司企业;公司;公司,商务住宅,楼宇,商务写字楼|公司企业,公司,公司,,商务住宅,325,11
体育休闲服务;度假疗养场所;度假村|住宿服务;宾馆酒店;三星级宾馆,体育休闲服务,度假疗养场所,度假村|住宿服务,宾馆酒店,三星级宾馆,,运动健身,326,6
住宿服务;宾馆酒店;三星级宾馆|住宿服务;旅馆招待所;旅馆招待所,住宿服务,宾馆酒店,三星级宾馆|住宿服务,旅馆招待所,旅馆招待所,,酒店住宿,327,2
公司企业;公司;电信公司,公司企业,公司,电信公司,,,,公司企业,328,5
科教文化服务;学校;高等院校,科教文化服务,学校,高等院校,,,,科教文化,329,7
生活服务;物流速递;物流仓储场地|商务住宅;产业园区;产业园区,生活服务,物流速递,物流仓储场地|商务住宅,产业园区,产业园区,,生活服务,330,13
政府机构及社会团体;政府机关;省直辖市级政府及事业单位|公司企业;公司,政府机构及社会团体,政府机关,省直辖市级政府及事业单位|公司企业,公司,,,政府机构,331,14
风景名胜;风景名胜;风景名胜|科教文化服务;科教文化场所;科教文化场所,风景名胜,风景名胜,风景名胜|科教文化服务,科教文化场所,科教文化场所,,旅游景点,332,12
交通设施服务;港口码头;人渡口|科教文化服务;展览馆;展览馆,交通设施服务,港口码头,人渡口|科教文化服务,展览馆,展览馆,,交通设施,333,1
政府机构及社会团体;政府机关;区县级政府及事业单位|商务住宅;住宅区;住27,,,,,,,政府机构,334,14
生活服务;事务所;专利事务所|政府机构及社会团体;政府机关;省直辖市级政09,,,,,,,政府机构,335,14
科教文化服务;学校;幼儿园|政府机构及社会团体;政府机关;乡镇级政府及事29,,,,,,,科教文化,336,7
政府机构及社会团体;政府机关;省直辖市级政府及事业单位|风景名胜;风景名,,,,,,,政府机构,337,14
购物服务;商场;购物中心|购物服务;便民商店/便利店;便民商店/便利店|购物;1,,,,,,,购物消费,338,3
医疗保健服务;专科医院;妇科医院|医疗保健服务;综合医院;综合医院|医疗保0,,,,,,,医疗保健,339,0
购物服务;家居建材市场;家具建材综合市场|购物服务;家居建材市场;建材五01,,,,,,,购物消费,340,3
购物服务;家居建材市场;家具建材综合市场|购物服务;家居建材市场;建材五30,,,,,,,购物消费,341,3
政府机构及社会团体;政府机关;区县级政府及事业单位|政府机构及社会团体;,,,,,,,政府机构,342,14
政府机构及社会团体;政府机关;乡镇级政府及事业单位|政府机构及社会团体;,,,,,,,政府机构,343,14
政府机构及社会团体;政府机关;省直辖市级政府及事业单位|政府机构及社会6,,,,,,,政府机构,344,14
商务住宅;住宅区;住宅小区|商务住宅;住宅区;社区中心|地名地址信息;普通地,,,,,,,商务住宅,345,11
政府机构及社会团体;政府机关;省直辖市级政府及事业单位|政府机构及社会8,,,,,,,政府机构,346,14
政府机构及社会团体;政府机关;外地政府办|政府机构及社会团体;政府机关;97,,,,,,,政府机构,347,14
商务住宅;楼宇;商务写字楼|公司企业;公司;公司|购物服务;购物相关场所;购44,,,,,,,商务住宅,348,11
科教文化服务;学校;中学|科教文化服务;学校;职业技术学校|科教文化服务;学,,,,,,,科教文化,349,7
商务住宅;商务住宅相关;商务住宅相关|科教文化服务;科教文化场所;科教文94,,,,,,,商务住宅,350,11
政府机构及社会团体;政府机关;省直辖市级政府及事业单位|公司企业;公司;23,,,,,,,政府机构,351,14
公司企业;公司;建筑公司|政府机构及社会团体;政府机关;省直辖市级政府及55,,,,,,,公司企业,352,5
政府机构及社会团体;政府机关;乡镇以下级政府及事业单位|政府机构及社会8,,,,,,,政府机构,353,14
政府机构及社会团体;政府机关;乡镇级政府及事业单位|政府机构及社会团体;,,,,,,,政府机构,354,14
政府机构及社会团体;政府机关;省直辖市级政府及事业单位|科教文化服务;科,,,,,,,政府机构,355,14
政府机构及社会团体;政府机关;区县级政府及事业单位|科教文化服务;培训机,,,,,,,政府机构,356,14
生活服务;事务所;评估事务所|政府机构及社会团体;政府机关;国家级机关及44,,,,,,,生活服务,357,13
购物服务;家居建材市场;建材五金市场|购物服务;便民商店/便利店;便民商店/,,,,,,,购物消费,358,3
科教文化服务;培训机构;培训机构|地名地址信息;地名地址信息;地名地址信06,,,,,,,科教文化,359,7
政府机构及社会团体;政府机关;地市级政府及事业单位|政府机构及社会团体;,,,,,,,政府机构,360,14
体育休闲服务;体育休闲服务场所;体育休闲服务场所|住宿服务;宾馆酒店;宾03,,,,,,,旅游景点,361,12
医疗保健服务;专科医院;口腔医院|医疗保健服务;综合医院;综合医院|医疗保5,,,,,,,医疗保健,362,0
政府机构及社会团体;政府机关;区县级政府及事业单位|生活服务;丧葬设施;25,,,,,,,政府机构,363,14
公司企业;公司;公司|汽车销售;梅赛德斯-奔驰特约销售;梅赛德斯-奔驰销售|14,,,,,,,公司企业,364,5
政府机构及社会团体;政府机关;乡镇级政府及事业单位|政府机构及社会团体;,,,,,,,政府机构,365,14
政府机构及社会团体;政府机关;区县级政府及事业单位|政府机构及社会团体;,,,,,,,政府机构,366,14
科教文化服务;科研机构;科研机构|医疗保健服务;医疗保健服务场所;医疗保36,,,,,,,科教文化,367,7
住宿服务;宾馆酒店;四星级宾馆|体育休闲服务;体育休闲服务场所;体育休闲70,,,,,,,酒店住宿,368,2
政府机构及社会团体;政府机关;省直辖市级政府及事业单位|政府机构及社会8,,,,,,,政府机构,369,14
购物服务;综合市场;综合市场|政府机构及社会团体;政府及社会团体相关;政96,,,,,,,购物消费,370,3
风景名胜;公园广场;公园广场|体育休闲服务;体育休闲服务场所;体育休闲服90,,,,,,,旅游景点,371,12
住宿服务;宾馆酒店;宾馆酒店|体育休闲服务;休闲场所;休闲场所|住宿服务;旅,,,,,,,酒店住宿,372,2
住宿服务;住宿服务相关;住宿服务相关|商务住宅;商务住宅相关;商务住宅相71,,,,,,,酒店住宿,373,2
